name,sales,contentdescripters,weapons,rating,description
Call of Duty: Black Ops II,20661268,"Blood and Gore, Intense Violence, Strong Language, Suggestive Themes, Use of Drugs","handgun or pistol, shotgun or rifle, assault rifle, sniper rifle, machine gun, grenade or explosive, launcher",m,"This is a first-person shooter in which players control U.S. soldiers tasked with preventing an imminent terrorist attack. Players complete military mission objectives during the Cold War and in modern-day international locations (e.g., United States, Haiti, Afghanistan). Players use pistols, sniper rifles, machine guns, explosives, and melee attacks to kill enemy soldiers; the frenetic conflicts are highlighted by realistic gunfire, screams of pain, and large splashes of blood from injured characters. Blood stains are also depicted around corpses and in the surrounding environment. Some weapons result in decapitated bodies or dismembered limbs, and various attacks are accompanied by slow-motion effects. Other intense acts of violence include a soldier burned alive in a vehicle; a bound man shot in the kneecaps during an interrogation; a hostage's throat slit by a villain; an incapacitated soldier shot in the head at close range by the player. During the course of the game, players can navigate through a night club that depicts several silhouettes of female pole-dancers (e.g., the images gyrate provocatively in front of patrons). One mission depicts packages of cocaine in an underground drug factory; another brief sequence depicts cocaine use (e.g., white powder funneling into a rolled-up dollar bill). The words “f**k,” “sh*t,” and “a*shole” can be heard in the dialogue."
FIFA Soccer 13,10731490,,,e,"This is a soccer simulation game in which players engage in realistic matches with authentic teams across international leagues. Players can practice penalty kicks, assign on-field strategies, and participate in a variety of game modes (e.g., Career, Tournament, Ultimate Team) to improve their ball-handling skills."
Assassin's Creed III,8862551,"Blood, Intense Violence, Sexual Themes, Strong Language","dagger or tomahawk, axe, short blade, sword, handgun or pistol, grenade or explosive, bow and arrow",m,"This is an action-adventure game in which players assume the role of Desmond, an assassin who must revisit the lives of his ancestors during the American Revolutionary War. Most missions require players to find, stalk, and kill enemies with a variety of weapons (e.g., muskets, handguns, bayonets, tomahawks). Players can also engage in swordfights with armed soldiers, resulting in depictions of impaled characters and occasional slow-motion effects; large blood splashes appear when enemies are injured. Cinematic cutscenes depict additional blood splatter on characters' bodies and/or clothing, along with more intense acts of violence: an unarmed prisoner getting his throat slit; a man getting shot in the head at close range; a man getting bludgeoned in the head with a cleaver. The dialogue contains a variety of sexual material/innuendo: “King Louis filled the place with whores to keep his men from turning tail,” “[H]ere you are banging my sister behind my back,” “Don't flog the bishop again, lads,” “[T]hey spend 20 minutes simulating . . . sex and walk off with millions.” The game also contains the words “f**k” and “sh*t.” (spoken in both English and French)."
Halo 4,7344242,"Blood, Violence","shotgun or rifle, assault rifle, sniper rifle, launcher, handgun or pistol, machine gun, hammer",m,"This is a first-person shooter in which players control futuristic super-soldiers who engage in military campaigns against alien forces. Players use pistols, scoped rifles, machine guns, grenade launchers, and futuristic weaponry to kill enemies in ranged combat; battles are highlighted by cries of pain, realistic gunfire, and large explosions. Stealth moves (i.e., “assassinations”) can also be used to attack enemies from behind (e.g., snapping their necks or stabbing/impaling them with bladed weapons). During one cutscene, a human character cries out as her body disintegrates, exposing layers of muscle tissue. Large blood-splatter effects occur when humans are shot; some sequences depict bloodstained environments."
Pokemon Black / White Version 2,6032311,"Comic Mischief, Cartoon Violence",,e,"This is a role-playing game in which players pit their collection of small creatures (known as Pokémon) against other trainers to become a Pokémon League Champion. As they interact with characters in the fantasy land of Unova, players can engage in turn-based battles: selecting attack moves (e.g., Tackle, Tail Whip, Slash) from a series of menus. These encounters are accompanied by smacking/zapping sounds, blinking effects, colorful light bursts, and the depletion of health meters. One Pokémon is depicted with animated mucous dripping from its nose (“Their snot is a barometer of health. When healthy, their snot is sticky . . .”)."
Just Dance 4,5804637,"Comic Mischief, Lyrics",,e10,"This is a rhythm-and-dance simulation game in which players perform choreographed routines by following the movements of on-screen characters. Players score points by accurately moving their bodies in time with the music and scrolling indicators. Some songs include suggestive material (e.g., “Temptress, hands up, naughty on the inside,” “That badonkadonk is like a trunk full of bass on an old school Chevy,” “Take me by the tongue . . . Kiss me 'til you're drunk,” “Hey, sexy boy, set me free/Don't be shy, play with me/My dirty boy, can't you see”). Some lyrics also reference alcohol (e.g., “All I need is some vodka . . .” and “She never drinks the water/Makes you order French champagne”). In one comical dance sequence, a cartoony character (a rabbid) removes its tight shorts (no nudity is depicted)."
Call of Duty: Modern Warfare 3,5144661,"Blood and Gore, Drug Reference, Intense Violence, Strong Language","handgun or pistol, shotgun or rifle, machine gun, assault rifle, sniper rifle, launcher, grenade or explosive",m,"This is a first-person shooter in which players assume the role of military operatives tasked with thwarting the plans of a terrorist leader. Players complete mission objectives and engage in battles that take place in modern-day locations across the globe (e.g., United States, Great Britain, Germany). Players use pistols, rifles, machine guns, and explosives to injure/kill enemies; the frenetic conflicts are highlighted by realistic gunfire, screams of pain, and large splashes of blood from injured characters. Blood-splatter effects appear often in the surrounding environment, in addition to dead bodies lying in pools of blood. Some sequences depict more intense acts of violence, such as a defenseless prisoner getting lit on fire; a man losing his arm from a sniper shot (with blood spurting from the wound); and a family dying (off-screen) in an explosion. In some instances, scattered packages of drugs appear in the environment (e.g., packets of narcotics that explode in white puffs when shot); in multiplayer mode, players can also unlock an emblem that resembles a cannabis leaf. The words “f**k,” “sh*t,” and “a*shole” can be heard in the dialogue."
New Super Mario Bros. 2,5042214,Comic Mischief,,e,"This is an action platformer in which players must rescue Princess Peach from Bowser and his minions. As players navigate Mario and Luigi through colorful levels, they can hop on enemies' heads or use various power-ups (e.g., growth mushrooms, fire flowers, invincibility stars) to defeat them. Most characters react to damage with blinking effects and comical yelps; when players' power-ups run out, Mario/Luigi falls off screen."
Madden NFL 13,4804921,,,e,"This is a realistic football simulation game in which players can select teams from real NFL rosters, create and run plays, arrange playbooks, improve skills, and create/manage a franchise. Football games are presented with extensive player statistics and commentary from professional broadcasters."
Kinect Adventures!,4565200,,,e,"In this collection of mini-games, players can use their body movement to guide and control on-screen characters through a variety of different activities. Activities include guiding a raft down river rapids, popping bubbles in zero gravity, sealing leaks in a giant aquarium, and breaking blocks with a ball."
Mass Effect 3,4370029,"Blood, Partial Nudity, Sexual Content, Strong Language, Violence","handgun or pistol, assault rifle, shotgun or rifle, sniper rifle, grenade or explosive, short blade, machine gun, launcher",m,"This is an action role-playing game in which players assume the role of a space commander attempting to save humanity from a galaxy-wide threat. As players interact with myriad characters (e.g., developing alliances and relationships), they use machine guns, shotguns, assault rifles, and futuristic weapons to kill humans and alien creatures in frenetic combat. Enemies sometimes emit splashes of blood when hit; some sequences depict bloodstained characters or environments. Cutscenes depict other instances of violence: an alien shooting herself in the head with a pistol; a character getting impaled by a creature's claws. As the game progresses, the storyline sometimes references sexual material (e.g., “When this is over, I'm getting laid” and “Were oil and lubricants involved? Was there moaning?”). Players can also initiate brief romantic encounters between characters: dialogue choices are made, leading to kissing and caressing on a bed—sexual activity is implied. In one of these sequences, an alien character's buttocks and breasts are briefly depicted. The words “f**k,” “sh*t,” and “a*shole” can be heard in dialogue."
The Elder Scrolls V: Skyrim,4344204,"Blood and Gore, Intense Violence, Sexual Themes, Use of Alcohol","short blade, sword, axe, bow and arrow, dagger or tomahawk",m,"This is a fantasy role-playing game in which players assume the role of Dovakin, a prophesied figure with the power to combat dragons in the fictional world of Skyrim. As players traverse through mountainous 'open-world' environments, they complete missions and quests that impact the eventual fate of their character. Players use swords, bows and arrows, axes, and magic attacks (e.g., fireballs, ice shards) to kill various enemies (e.g., wolves, dragons, human bandits and soldiers). As players engage in melee-style combat, some sequences are highlighted by slow-motion effects, particularly for decapitations. Large blood-splatter effects also occur during combat, and some environments are stained with blood or body parts (e.g., heads impaled on spikes). Some sequences allow players to injure/kill nonadversary characters, including prisoners chained to a wall; they scream in pain amid splashes of blood or fire. As the game progresses, the dialogue and on-screen text contains references to sexual material (e.g., “. . . all the whores your heart, or any other organ, desires,” “She . . . raped the men as cruelly as Bal had ravished her,” and “Remember when you thought [he] was . . . intent on making you . . . into his personal sex slave?”). Alcohol such as wine, mead, and ale can be purchased and consumed by players' character throughout the game; in one sequence, players can engage in a drinking contest with another character, which eventually results in slurred speech (e.g., “One more. No problemsh . . . Thash grape!”)."
Far Cry 3,4067668,"Blood and Gore, Intense Violence, Nudity, Strong Language, Sexual Content, Use of Drugs","handgun or pistol, machine gun, shotgun or rifle, assault rifle, sniper rifle, launcher, grenade or explosive, short blade, dagger or tomahawk",m,"This is a first-person shooter in which players assume the role of Jason Brody, a vacationing thrill-seeker whose friends have been captured by pirates. As Jason attempts to rescue his companions, players use machine guns, flamethrowers, explosives, and melee attacks to kill human enemies in frenetic combat. Players can also perform stealth attacks to sneak on enemies (e.g., using a knife to stab them from behind, at close range). Battles are accompanied by realistic screams of pain, gunfire, and large explosions; injured enemies emit large splashes of blood when injured. Some cutscenes and interactive sequences depict more intense acts of violence: characters stabbed in the neck, head, and chest; a restrained character slit in the throat; a man climbing through a mass grave of mutilated corpses. In one sequence, a villain cuts off a character's finger; in another, a restrained character is beaten during an extended interrogation. As the game progresses, a handful of scenes depict Jason's interactions with a topless female character; a cutscene depicts sexual activity between them (i.e., the brief sequence portrays the female character from a first-person perspective, though no genitals are depicted). Illegal drugs are occasionally referenced in the game, and one scene depicts a man smoking a marijuana joint. The words “f**k,” “sh*t,” and “c*nt” can be heard in the dialogue."
Borderlands 2,3919603,"Blood and Gore, Intense Violence, Language, Sexual Themes, Use of Alcohol","machine gun, handgun or pistol, shotgun or rifle, sniper rifle, launcher, grenade or explosive",m,"This is a first-person shooter in which players join rebel forces to take down an oppressive corporation on the fictional planet of Pandora. As players explore open-world environments, they complete missions to gain experience and increase their characters' skills/abilities. Players use machine guns, sniper rifles, flamethrowers, explosives, and weaponized vehicles to kill human-like characters and hostile aliens in frequent combat. Firefights contain realistic gunfire/explosions; injured enemies scream and emit exaggerated splashes of blood. Various weapons result in dismembered limbs or bloody gibs. Some missions depict intense acts of violence: viewing characters getting electrocuted; shooting a man in the face; killing players' incinerating a cult member as part of a ritual sacrifice. The dialogue contains jokes/one-liners that reference sexual material (e.g., “I will hang myself from my own tombstone if in you I can't put my bone,” “If there's anything they love more than getting to second base with their sisters, it's cars,” “Bacon is for sycophants and products of incest.”); during some sequences, players can find and collect adult-themed magazines—though no actual nudity is depicted. One mission requires players to consume three alcoholic beverages from a bar before they can progress. The words “sh*t,” “p*ssies,” and “a*shole” can be heard in the dialogue, in addition to language censored by audible bleeps (e.g., “God-[bleep]-ing-dammit”)."
Battlefield 3,3842945,"Blood, Intense Violence, Strong Language","assault rifle, machine gun, handgun or pistol, launcher, shotgun or rifle, sniper rifle",m,"This is a first-person shooter in which players assume the role of a U.S. Marine soldier who is on trial for treason. Players engage in fictitious military conflicts as the soldier's story is told from a variety of perspectives (e.g., fighter pilots, tank commanders, Special Forces operatives). Players use sniper rifles, machines guns, grenades, and rocket launchers to kill enemy soldiers in frenetic firefights. The frequent combat is highlighted by realistic gunfire and large explosions; characters sometimes scream and emit large splashes of blood when shot. Players can also engage in hand-to-hand combat: repeatedly punching enemies in the face; stabbing soldiers to death with knives. In one sequence, a restrained character's throat is slit (off-screen); in another, players shoot police officers to complete a mission objective. The words “f**k” and “sh*t” can be heard frequently in the dialogue."
Resident Evil 6,3722055,"Blood and Gore, Intense Violence, Nudity, Strong Language, Suggestive Themes","handgun or pistol, machine gun, assault rifle, shotgun or rifle, sniper rifle, launcher, short blade, bow and arrow, grenade or explosive",m,"This is a third-person shooter in which players assume the role of characters caught up in a worldwide viral outbreak. As players navigate intersecting storylines, they use machine guns, shotguns, melee weapons, and explosives to kill mutated zombie creatures in frenetic combat. Battles contain realistic gunfire, screams of pain, and exaggerated blood splatter effects; some attacks result in dismemberment or decapitation (e.g., slowly inserting a monster's body into a rotating fan blade). Cutscenes also depict intense acts of violence: a zombie getting stabbed in the head; characters getting pummeled/impaled by monsters. One female boss character (a human-spider hybrid) is depicted nude—though without any discernible details (i.e., no nipples or genitalia); during one attack move, she briefly caresses her breasts while straddling on players' character. The words “f**k” and “sh*t” can be heard in the dialogue."
NBA 2K13,3511917,,,e,"This is a basketball simulation game in which players can select teams from real NBA rosters, customize players, compete in tournaments, and play through regular seasons. Players can also manage individual franchises and control the careers of real-world athletes."
Mario Kart 7,3413189,Comic Mischief,,e,"This is a kart-racing game in which players compete with characters from the Nintendo universe in a variety of modes (e.g., Grand Prix, Balloon Battle, Coin Runners). As players zoom around each track, they collect “cartoony” power-ups (e.g., turtle shells, fire flowers, lightning zaps) to slow down opponents. Races are accompanied by impact sounds and colorful light effects; karts spin out or flip into the air when hit."
Super Mario 3D Land,3308601,Cartoon Violence,,e,"This is a platformer game in which players assume the role of Mario on a quest to rescue Princess Peach. As players run and jump through levels, they use an assortment of moves and power-ups (e.g., jumps, spin attacks, fireballs, turtle shells) to defeat roaming creatures that inhabit the themed 3D environments. Some enemies crumble into pieces when jumped on, get momentarily stunned, or disappear amid puffs of smoke and scattered coins."
Just Dance 3,3133064,Lyrics,,e10,"This is a rhythm-and-dance simulation game in which players perform dance steps by following the movements of on-screen characters. Players score points by accurately moving their bodies in time with the music and scrolling indicators. Some song lyrics contain the words “damn” and “hell,” while other songs reference suggestive material (e.g., “Promiscuous girl, you're teasing me,” “I want you to love me like I'm a hot ride,” and “Show me a sexy dance” )."
LEGO Batman 2: DC Super Heroes,3001248,Cartoon Violence,,e10,"In this adventure game, players assume the role of small Lego-versions of Batman and other DC-universe superheroes as they attempt to save Gotham City from villains. As players traverse through urban environments, they punch, kick, and use assorted “Bat-gadgets” (e.g., Batarangs) or special abilities (e.g., heat vision, freeze-breath) to defeat stubby villains and their henchmen. Some combat moves include slow-motion effects, and “cartoony” battle cries/gunfire sounds can be heard as characters dispatch multiple foes at once—enemies burst into Lego pieces when defeated. During a few chase sequences, players use a crosshair target to fire projectiles (e.g., missiles, grappling hooks) at enemy vehicles."
Diablo III,2970349,"Blood and Gore, Violence","axe, short blade, sword, bow and arrow, dagger or tomahawk",m,"This is an action role-playing game in which players assume control of a mortal hero (e.g., witch doctor, barbarian, wizard) who must defend humanity from a demonic invasion. From a 3/4–overhead perspective, players traverse dungeons and use swords, axes, and magic attacks to kill a variety of human-like enemies (e.g., zombies, demons, succubi). Battles are accompanied by slashing and flesh-impact sounds, screams of pain, and frequent blood-splatter effects; creatures often explode into bloody fragments as multiple enemies are dispatched at once. Some levels depict burning corpses and dead villagers amid large pools of blood."
FIFA Soccer 12,2948721,,,e,"This is a soccer simulation game in which players can choose from authentic teams across national and international leagues and engage in realistic soccer matches. Players can practice penalty kicks, assign on-field strategies, and participate in a variety of game modes (e.g., Be a Manager, Tournament, Training) to improve their skills."
Skylanders Giants,2641606,Cartoon Violence,,e10,"This is an action platformer in which players assume the role of whimsical creatures that must save their world from an evil villain. Each playable character uses elemental attacks (e.g., Magic, Water, Earth, Fire) to defeat robots, trolls, and giant bugs; for example, dragons can spit fireballs, water creatures can shoot ice blocks, and bird-like characters can fire gusts of air at enemies that generally disappear amid colorful puffs of smoke. During some sequences, players can toss “cartoony” projectiles at nearby enemies, resulting in small explosions and comical yelps."
Zumba Fitness,2626375,Lyrics,,e,"This is a dance-fitness game in which players perform cardio dance routines along with on-screen characters. Players must mirror characters' movements while keeping in time with the rhythm. One song, which is performed in Spanish, references alcohol (e.g., 'Brindemos con la copa de ron' [Let's make a toast with this rum cup])."
Hitman: Absolution,2607123,"Blood and Gore, Intense Violence, Partial Nudity, Sexual Themes, Strong Language, Use of Drugs","handgun or pistol, machine gun, assault rifle, shotgun or rifle, sniper rifle, machine gun, grenade or explosive, sword, short blade, dagger or tomahawk",m,"This is an action game in which players control Agent 47, a rogue assassin attempting to rescue a girl from various factions. From first- and third-person perspectives, players use machine guns, shotguns, sniper rifles, and explosives to complete mission objectives and kill human adversaries. Players can also employ stealth tactics (e.g., strangling or slicing characters' throats from behind) to eliminate adversaries at close range. Violent encounters are accompanied by realistic gunfire/explosions, large blood-splatter/pooling effects, and slow-motion attacks. Non-adversary characters can be injured or killed at will (e.g., throwing a bomb into a crowd of civilians), though this may negatively affect players' score; in one level, players discover the dead bodies of nun characters, with blood splatter on their clothing and in the hallways (the actual killings are not depicted). Other intense sequences include the use of a wood chipper to dispose of dead bodies (streams of bloody gibs are depicted), and an interrogation scene depicting a security guard beaten up by villains. The game includes suggestive/sexual material: One level takes place inside a strip club, which depicts women dancing on poles or performing lap dances in front of male clients; some strippers wear small pasties over their nipples. Other sexual material includes a female character briefly reaching for a man's groin, and a woman stripping down to lingerie in front of Agent 47 (e.g., “I love a hard man . . .”). During some missions, characters can be observed snorting cocaine off a table or smoking from a bong near marijuana plants. The words “f**k,” “sh*t,” “p*ssy,” and “c*cksucker” can be heard in the dialogue."
Max Payne 3,2601149,"Blood and Gore, Intense Violence, Partial Nudity, Strong Language, Sexual Content, Use of Drugs, Use of Alcohol","handgun or pistol, machine gun, shotgun or rifle, sniper rifle, launcher, grenade or explosive",m,"In this third-person shooter, players assume the role of Max Payne, an NYPD detective-turned-bodyguard for a wealthy Brazilian family. As the noir–style storyline unfolds, players use machine guns, sniper rifles, shotguns, and explosives to kill human adversaries (e.g., armed thugs, gang members, paramilitary units) in frenetic combat. Slow-motion effects (i.e., “bullet time”) can be utilized for improved targeting precision, and killing certain enemies triggers a zoomed-in “bullet cam” (close-ups of entry/exit wounds/headshots). Frantic screaming and realistic gunfire occur throughout, and characters emit large blood-splatter effects when hit; some explosions (in gameplay and cutscenes) result in dismembered limbs or bloodstained surroundings. Non-adversaries—if unrelated to the storyline—can be killed without consequence, and dead bodies may incur additional damage. A variety of cutscenes (some interactive) include more intense acts of violence: a hostage getting shot at point-blank range; a man getting doused with gasoline and set on fire; an injured, bleeding enemy crying out during an interrogation. During the course of the game, Max visits a strip club that depicts topless pole dancers. As he enters the club, fleeting sexual activity can be observed in the background: a partially nude prostitute sitting on top of a man; a character thrusting against a woman, whose body is partially obscured by two onlookers. The game sometimes references or portrays illegal substances (e.g., a “drug den” with bags of white powder scattered across a counter); in a couple of sequences, characters are depicted snorting cocaine. Alcoholism is a significant component of Max's character, and several cutscenes portray him drinking heavily and/or stumbling amid blurred screen effects. The words “f**k,” “sh*t,” “c*cksucker,” “c*nt,” “sp*c,” and “n*gga” can be heard in the dialogue."
Batman: Arkham City,2588481,"Alcohol Reference, Blood, Language, Suggestive Themes, Use of Tobacco, Violence","handgun or pistol, shotgun or rifle, assault rifle, sniper rifle, grenade or explosive, sword, short blade, hammer",t,"This is an action-adventure game featuring characters from the Batman franchise. Players assume the role of Batman as he investigates Arkham City, a neighborhood overrun by psychopathic criminals and former prison inmates. As players explore the city and infiltrate hideouts, they punch and kick criminals in melee-style combat, using various gadgets (e.g., explosive gel, smoke pellets, a grappling gun) to defend themselves against gun-wielding thugs and villains. The frenetic combat is highlighted by cries of pain, punching sounds, realistic gunfire, and slow-motion effects. In some sequences, players must solve puzzles or use stealth to incapacitate enemies and free hostages; when players fail a challenge, the hostage will lose his life. Some environments contain bloodstains on the floor or furniture; other cutscenes depict spots of blood on injured characters. During the course of the game, some female characters are dressed in form-fitting outfits that expose large amounts of cleavage; one background sign depicts the silhouette of a woman and the words “Live Nude.” The dialogue also contains some suggestive references (e.g., “The anger, the frustration, the hints of repressed sexual tension” and “Sure could go for some porn right now.”). One sequence depicts a character smoking a cigar, and there are various references to alcohol (e.g., “She got a little drunk and killed her classmates,” “I'd give anything for a nice cold beer right now.”). The words “b*tch,” “a*s,” and “bastard” can be heard in dialogue."
Need for Speed: Most Wanted,2523194,Violence,,t,
Wii Sports,2447735,Violence,,e,
Mario Party 9,2319137,Cartoon Violence,,e,"This is a collection of multiplayer mini-games (i.e., “party games”) in which players compete against characters from the Super Mario universe to collect the most stars. Players roll dice to move around colorful game boards: landing on certain spaces triggers whimsical combat sequences or boss battles (e.g., characters knocking each other off platforms; hopping on an oversized caterpillar; shooting “cartoony” cannonballs at a giant squid). Damage is indicated by blinking, comical yelps, tiny explosions, and/or “dizzy star” effects."
Skylanders: Spyro's Adventure,2303820,Cartoon Violence,,e10,"This is an action platformer in which players assume the role of whimsical creatures that must save their world from an evil villain. Each playable character uses elemental attacks (e.g., Magic, Water, Earth, Fire) to defeat robots, elves, and giant bugs; for example, dragons can spit fireballs, water creatures can shoot ice blocks, and plant creatures can fire pineapples at enemies that generally disappear amid puffs of smoke. During some sequences, players can toss “cartoony” projectiles at nearby enemies, resulting in small explosions."
Dishonored,2240758,"Blood and Gore, Intense Violence, Sexual Themes, Strong Language","handgun or pistol, grenade or explosive, bow and arrow, sword",m,"This is an action game in which players assume the role of Corvo, a royal bodyguard who has been framed for treason (i.e., assassinating an empress). As players help Corvo exact revenge on those who betrayed him, they can use pistols, crossbows, swords, and grenades to kill human enemies in ranged and melee-style combat. Violence is sometimes accompanied by slow-motion effects and gurgling sounds from Corvo's victims. Certain weapons result in dismembered limbs, and attacks are accompanied by exaggerated blood-splatter effects. Some environments depict mutilated corpses on the ground or hanging from the ceiling. During one interactive sequence, Corvo brands a restrained man's cheek with a hot iron; in another, players use electric shocks to interrogate a blindfolded man in a chair. The game depicts some female characters in revealing outfits and includes some sexual/suggestive dialogue (e.g., “Hey sweetheart, you want to play with me? You're a lot cuter than my regulars,” “This one thinks only of whores,” and “Sell your wife into prostitution, I'm sure I can get you a good price.”). The words “f**k,” “sh*t,” and “a*shole” can also be heard in the game."
Uncharted 3: Drake's Deception,2130604,"Blood, Language, Violence","shotgun or rifle, sniper rifle, handgun or pistol, machine gun, assault rifle, launcher, grenade or explosive",t,"This is an action-adventure game in which players assume the role of Nathan Drake, a treasure hunter on a quest to find a fabled lost city in an Arabian desert. As players explore ancient ruins in international locales, they can use stealth moves (e.g., neck-snapping, chokeholds) and melee attacks to incapacitate armed thugs and mercenaries; some fistfights are highlighted by bone-cracking sounds and slow-motion effects. Players also use realistic pistols, machine guns, rocket launchers, and grenades to kill nearby enemies. Injured characters emit small puffs of blood when shot, and some sequences depict individuals with bloodstained clothing. The words “sh*t,” “b*tch,” and “a*shole” can be heard in the dialogue."
Final Fantasy XIII-2,2119359,"Drug Reference, Language, Suggestive Themes, Simulated Gambling, Violence","bow and arrow, sword, short blade",t,"In this fantasy role-playing game, players assume the role of heroes who must resolve time paradoxes and defeat an evil villain. Players use swords, guns, and magical attacks (e.g., fireballs, energy blasts) to battle demons, dragons, and human-like characters. Combat is executed through a modified turn-based system: players select various commands from a menu; certain attacks are completed by pressing button sequences that correspond with on-screen prompts. Battle sequences are highlighted by sword slashes, colorful explosions, and slow-motion effects. Cutscenes also depict acts of violence: combatants exchanging gunfire; a character getting impaled by a sword. During the course of the game, a handful of female characters wear revealing outfits (e.g., low-cut at the pelvis, moderate amounts of cleavage). The game also contains a casino where players can wager in-game currency on slot machines. There is a brief reference to a drug called 'stem' in a questionnaire (e.g., “[T]he new recreational drug of choice among the young and quickly becoming a social issue,” 'crystal dust'). The words “a*s” and “bastard” can be heard in the dialogue."
Mario Kart Wii,2079046,Comic Mischief,,e,Includes online features that may expose players to unrated user-generated content (Wii)
Wii Sports Resort,2071599,Cartoon Violence,"sword, bow and arrow",e,"This is a collection of sports games in which players can compete in basketball, table tennis, golf, bowling, archery, canoeing, and other mini-games. Players' goal is to reach the 'pro level' for each sport by performing well and attaining skill points. In a 'Sword Play' game, players use a dull, wood-like sword to hit other characters on a platform. Players can also strike ('whacking' sound effects, flashes of light) multiple characters on a beach to complete a stage. All characters wear safety equipment and often blink or disappear when defeated."
Animal Crossing: New Leaf,2066259,Comic Mischief,,e,
Mario & Sonic at the London 2012 Olympic Games,2034794,Cartoon Violence,,e,"This is a collection of sports-themed games in which players compete with Mario, Sonic, and their friends at the London 2012 Olympic Games. In addition to conventional sporting events (e.g., swimming, track, volleyball), players can engage in a variety of multiplayer mini-games (i.e., party games). In some events, players can hop on opponents or use various power-ups (e.g., turtle shells, “cartoony” bombs and lightning bolts) to knock them down, resulting in “dizzy star” effects. Players can also use foil swords in a fencing mini-game to knock opponents off an elevated platform."
Assassin's Creed: Revelations,2029797,"Blood, Language, Sexual Themes, Violence","sword, short blade, axe, bow and arrow, grenade or explosive, dagger or tomahawk, hammer, handgun or pistol",m,"This is an adventure game in which players assume the role of Desmond, a man who must relive the life of his ancestor Ezio to assassinate various targets and save his fragmenting mind. Most missions require players to find, stalk, and kill enemies by using a variety of weapons (e.g., daggers, concealed blades, crossbows, gun-like artillery); players can also engage in brawls or sword fights with soldiers. Blood-splatter effects often occur when characters are injured; blood stains sometimes appear on the streets and/or characters' clothing. Some sequences depict close-ups of characters getting stabbed in the throat, and enemies are occasionally impaled amid slow-motion effects. During the course of the game, the dialogue contains some sexual references (e.g., “Now that was a sorry looking whore. Won't be selling her goods for a while,” “Your wife really enjoyed having a real man last night, shorty!” and “You going to try to feel me up again?”). The game also contains the word “sh*t” and a*s,” in addition to Greek/Italian equivalents (e.g., “m*rda” [sh*t], “m*laka” [a*shole], “c*zzo” [d*ck])."
Forza Motorsport 4,1943378,,,e,"This is a racing simulation game in which players can select and customize real-world cars, speed through realistic tracks, and choose racing events to add to their season calendar. By winning races and setting lap records, players increase their “driver level” and earn credits to buy new cars."
Tom Clancy's Ghost Recon: Future Soldier,1927240,"Blood, Intense Violence, Strong Language","assault rifle, machine gun, shotgun or rifle, sniper rifle, launcher, handgun or pistol",m,"This is a third-person shooter in which futuristic soldiers are tasked with preventing war between the U.S. and Russia. Players use strategy and stealth to infiltrate enemy bases, rescue hostages, and eliminate threats; pistols, machine guns, explosives, and sniper rifles can be used to kill enemy soldiers in frenetic combat. Players can also strangle enemies from behind, break their necks, or slit their throats. Blood effects occur when characters are shot, and blood sometimes appears on the ground during cutscenes. Some sequences depict intense acts of violence: civilians getting killed or impaled by shards of glass; villagers chasing down and stabbing an enemy to death; a woman getting dragged across the ground by a gun-wielding enemy. The words “f**k” and “sh*t” can be heard in the dialogue."
New Super Mario Bros. Wii,1833754,Comic Mischief,,e,"This is an action platformer in which players must rescue Princess Peach from Bowser and his minions. As players navigate Mario and Luigi through colorful levels, they can hop on enemies' heads or use various power-ups (e.g., growth mushrooms, fire/ice flowers, invincibility stars) to defeat them. Most characters react to damage with blinking effects and comical yelps."
Zumba Fitness 2,1759657,Lyrics,,t,"This is a dance-fitness game in which players create and perform cardio dance routines along with on-screen Zumba dance instructors. Players must accurately mirror the instructors' movements while moving their bodies in time with the music. Some song lyrics contain references to suggestive material in English and Spanish (e.g., “I'm such a dir-dir-dirty dawg/ My teeth will unsnap your bra”; 'Tan rica y en la cama no juegan' [English translation: 'So delicious and in the bed she doesn't play']; and 'Cause tonight I need to kiss a sexy little dirty scream . . .')."
WWE '13,1756235,"Blood, Crude Humor, Language, Suggestive Themes, Use of Alcohol, Violence",hammer,t,"This is a wrestling simulation game in which players can select real-world competitors from the WWE roster, compete in matches, and progress through multiple storylines. Playable characters can perform a variety of wrestling moves (e.g., grapples, holds, throws, submissions), as well as punching and kicking attacks. Sledgehammers, ladders, and tables can also be used to strike opponents, who often collapse to the ground when hit; blood sometimes appears on wrestlers' faces. Some women are depicted in outfits that expose moderate amounts of cleavage; one wrestler's signature taunt consists of wiggling her buttocks and waving it in opponents' faces. A couple of live video clips depict a wrestler drinking from beer cans and spraying down his opponents with a “beer truck” hose. Another clip depicts a character's wet pants; accompanying dialogue states, “I just p*ssed my pants.” The word “a*s” and “b*tch” can also be heard in dialogue/soundtrack lyrics, and a couple of wrestlers insult opponents by sticking out their middle fingers (partially blurred/censored)."
Medal of Honor: Warfighter,1741294,"Blood, Intense Violence, Strong Language","handgun or pistol, machine gun, assault rifle, shotgun or rifle, sniper rifle, grenade or explosive, launcher, hammer, sword, dagger or tomahawk",m,"This is a first-person shooter in which players assume the role of elite soldiers tasked with combating terrorist threats around the world. Players complete military mission objectives set in modern-day international locations (e.g., Somalia, the Philippines). Players use pistols, machine guns, sniper rifles, explosives, and melee attacks to kill human enemies in frenetic combat. Battles are highlighted by realistic gunfire, explosions, and screams of pain; enemies emit large splashes of blood when shot, and some attacks are accompanied by slow-motion effects. Additional blood stains are depicted around corpses and in the surrounding environment. One interrogation scene includes more intense portrayals of violence: a bound prisoner getting shot in the back of the head by a terrorist—splattering blood across a table. During another interactive sequence, players' character smashes an enemy's face against a car hood, resulting in similar blood effects. The words “f**k” and “sh*t” can be heard in the dialogue."
Resident Evil: Operation Raccoon City,1647672,"Blood and Gore, Intense Violence, Strong Language","machine gun, shotgun or rifle, sniper rifle, handgun or pistol, grenade or explosive, launcher",m,"This is a third-person shooter in which players assume the role of elite security agents tasked with covering up a corporation's involvement in a viral outbreak. Players use machine guns, shotguns, pistols, and explosives to kill zombies, mutated creatures, and human enemies in frenetic combat. Battles are highlighted by screams of pain, realistic gunfire, explosions, and large splashes of blood that stain the ground. Some weapons cause dismemberment or decapitation; exposed body cavities, organs, and intestines are found in some environments. Players can also perform attacks that depict more intense acts of violence: slitting enemies' throats with a knife; shoving live grenades inside zombies' mouths; performing close-up headshots. Language such as “f**k,” “sh*t,” and “a*shole” can be heard in the dialogue."
Kinect Sports,1598026,Cartoon Violence,,e10,"This is a collection of sports games in which players can compete in games such as track & field, bowling, soccer, volleyball, and boxing. In the boxing game, players can fight from a first-person perspective, punching opponents until their energy is depleted. Loud punching sounds and blurry-screen effects highlight the frenetic action."
Guild Wars 2,1589817,"Blood, Language, Use of Alcohol, Violence","bow and arrow, sword, axe, short blade, handgun or pistol, shotgun or rifle, hammer",t,"This is a massively multiplayer online (MMO) role-playing game in which players perform quests while exploring the fantastical world of Tyria. Players interact with numerous creatures and characters, perform various tasks, and engage in melee-style combat. Players use swords, firearms, explosives, and magic attacks to battle soldiers and enemy creatures (e.g., minotaurs, giant insects, golems). Skirmishes depict enemies getting shot by arrows, slashed by swords, lit on fire, or struck down by lightning bolts; some underwater attacks result in blood-cloud effects, and stylized blood effects are sometimes depicted in cutscenes. Some sequence depict alcohol use: players can earn achievements by consuming alcoholic drinks—the screen appears blurry to denote drunkenness; in a “drinking competition” mini-game, characters drink ale from mugs—the sequence ends when a challenger's health reaches zero. The words “a*s” and “bastard” can be heard in the dialogue."
Gran Turismo 5,1551006,Lyrics,,e,"This is a driving simulation game in which players can select from hundreds of cars from real-world manufacturers and drive them through tracks modeled after competitive racing circuits. Players are encouraged to use proper driving techniques as they compete through time trials and international racing events. Some song lyrics contain allusions to suggestive content (e.g., 'Got me caught without my pants . . . She do kill it'), while the title of one song contains the word 'scumbag.'"
Kinect: Disneyland Adventures,1538763,Cartoon Violence,"swords, cartoony bombs",e10,"This is an adventure game in which players explore a Disneyland theme park and embark on quests modeled after major rides and attractions. As they run, jump, and fly around fantastical 3D environments, players sometimes use fruit, snowballs, and “cartoony” bombs to defeat various animals/creatures (e.g., robots, crocodiles, yetis, pirates). In some sequences, players engage in battles with villains from various Disney movies: a swordfight with Peter Pan's Captain Hook; a laser battle with Toy Story's Emperor Zurg). Combat is sometimes accompanied by laser fire, sword-clanging sounds, and colorful explosions as enemies' health meters are drained."
Red Dead Redemption,1493762,"Blood, Intense Violence, Nudity, Strong Language, Sexual Content, Use of Drugs","shotguns, pistols, rifles",m,"This is an 'open-world' action-adventure game in which players assume the role of John Marston, a reformed criminal on a mission to capture the remnants of his old outlaw gang. Players roam Wild West environments and perform various missions for criminal figures and law enforcement: destroying bridges, helping individuals in distress, delivering packages of drugs (e.g., opium), capturing outlaws, and eliminating rival figures. Players use shotguns, pistols, and rifles to kill enemies in realistic gun battles. Players can engage in melee-style hand-to-hand combat and trigger slow-motion effects by shooting enemies at close-range or by targeted shooting (i.e., aiming for body parts). Blood often spurts out of characters when shot; head shots and knife attacks result in much larger sprays. In one sequence, a bloodied and mutilated corpse can be seen hanging from the rafters of a barn. Players have the ability to shoot pedestrians in the game; however, a 'Wanted Level'-penalty system discourages these acts by triggering a law enforcement response. The game contains a scene in which two characters have sex on a table; there is a brief instance of female nudity. One sequence depicts a man injecting himself with a syringe filled with cocaine. Language such as 'f**k,' 'c*nt,' and 'sh*t' can be heard in the dialogue."
FIFA Street,1454082,,,e,"This is a soccer simulation game in which players choose from authentic or customizable teams to play realistic street soccer matches. Players can practice on-field strategies, perform ball-handling tricks, and participate in a variety of game modes (e.g., Freestyle, World Tour, Last Man Standing) to improve their skills."
Nintendo Land,1414521,"Cartoon Violence, Crude Humor","swords, bows and/or arrows",e10,"This is a collection of single- and multiplayer games set in a virtual theme park called Nintendo Land. Players guide their character through “attractions” based on various Nintendo franchises (e.g., The Legend of Zelda, Super Mario Bros., Donkey Kong). In one mini-game, players use a crosshair target to fire energy bursts at nearby opponents (characters blink and tumble to the ground when hit). In another, players use a sword and/or bow and arrows to defeat bobble-headed enemies (e.g., giant spiders, skeleton warriors); battles are sometimes accompanied by colorful sword-slashing effects. In the Pikmin attraction, there is a depiction of a brown blob that resembles animal droppings."
Pro Evolution Soccer 2013,1402030,,,e,"This is a soccer simulation game in which players control soccer teams from international leagues. Players can compete in a variety of modes (e.g., single matches, league play, tournament-style) and improve their skills through practice shootouts and drills."
New Super Mario Bros. U,1309124,Comic Mischief,,e,"This is an action platformer in which players must rescue Princess Peach from Bowser and his minions. As players navigate Mario and Luigi through colorful levels, they can hop on enemies' heads or use various power-ups (e.g., growth mushrooms, fire/ice flowers, invincibility stars) to defeat them. Most characters react to damage with blinking effects and comical yelps."
Dragon's Dogma,1235063,"Blood and Gore, Partial Nudity, Suggestive Themes, Violence","swords, bows and/or arrows",m,"This is an action-adventure game in which players assume the role of Glynn, a militiaman on a quest to kill an evil dragon. As players traverse through fantastical “open-world” environments, they complete missions and quests that impact the storyline and eventual fate of their character. Players use swords, bows and arrows, and magic attacks (e.g., fireballs, ice blasts) to kill various enemies (e.g., zombies, goblins, human soldiers) in melee-style combat. The frequent combat is accompanied by slashing sounds, cries of pain, and large splashes of blood; attacks sometimes result in dismembered limbs and/or scattered body parts. Some sequences allow players to injure/kill non-adversaries, including unarmed villagers; such acts are penalized by lower “charisma” levels for players' character. Other acts of violence appear in cutscenes: a man strangling a woman in her bedchamber; a character impaling himself. The dialogue sometimes includes innuendo and suggestive material (e.g., “I would never violate His Grace's privacy while he violates milady's privates” and “. . . perhaps you seek . . . a turn in the sheets with His Grace's own wife!”). During the course of the game, players may also encounter female harpies whose breasts are fully exposed at certain camera angles."
Kinect Star Wars,1211502,"Language, Suggestive Themes, Violence",,t,"In this action game, based on the Star Wars universe, players use their body movements to perform activities that include dance tournaments, podracing, and Jedi duels. In some mini-games, players use light sabers and telekinetic powers to battle fantastical creatures (e.g., aliens and robots) in melee-style combat; enemies collapse to the ground when killed. In one sequence, players assume a first-person perspective to shoot down alien spaceships—these frenetic battles are accompanied by laser fire and large explosions. Another sequence allows players to control a giant creature that rampages through city streets to attack civilians; cries of pain and crunching sounds can be heard as humanoid characters are thrown, stomped on, and eaten. In the dancing mini-game, some female characters perform suggestive moves (e.g., gyrating their hips/buttocks) and wear revealing outfits (partially exposed cleavage/buttocks). The words “damn” and “hell” can be heard in the dialogue."
World of Warcraft: Mists of Pandaria,1189882,"Blood and Gore, Crude Humor, Language, Suggestive Themes, Use of Alcohol, Violence",,t,"This is a massively multiplayer online (MMO) role-playing game set in the imaginary world of Azeroth. Players can explore open-world environments, form alliances, and complete quests to “level up” their character, gaining additional powers and improved weaponry along the way. Quest objectives sometimes involve using magic and/or hand-to-hand combat to kill various creatures (e.g., giant monsters, ogres, trolls, woodland animals). Players are sometimes tasked with killing non-adversary characters, including human-like villagers. Damage is indicated by slashing sounds, gunfire, explosions, and depleted life meters; some attacks result in splashes of blood and/or creatures bursting into small red chunks. During the course of the game, players' character can consume wine, mead, and other alcoholic beverages; drinking too much results in erratic movements and blurred screen effects. Some of the dialogue includes suggestive remarks/innuendo (e.g., a “flirt” command prompting the response, “Is that a mana wyrm in your pocket or are you just happy to see me?” from a female character). A handful of quests depict animal droppings or involve searching for lost items in a creature's excrement. The words “a*s,” “b*tch,” and “bastard” occasionally appear in dialogue."
Paper Mario: Sticker Star,1105266,Cartoon Violence,hammers,e,"This is an action-adventure game with role-playing elements in which players control paper-models of characters from the Super Mario universe. Players run and jump through levels, solve environmental puzzles, and engage in brief turn-based battles with paper-model enemies (e.g., enemies that look like turtles, penguins, floating squid, etc.); damage is typically indicated by depleting health meters and “cartoony” impact effects. Some attack animations depict characters getting struck by fireballs or bonked on the head with hammers."
Kingdom Hearts 3D: Dream Drop Distance,1084645,Fantasy Violence,swords,e10,"This is an action role-playing game in which players control Sora and Riku, two characters who travel through dreams to stop an evil villain. Players use magic spells and a large key-shaped sword to defeat animal- or spirit-like creatures and classic Disney villains (e.g., Monstro the whale, Ursula the sea witch); some attacks result in colorful explosions and shockwaves that dispatch multiple enemies at once. Comical yelps can be heard throughout, and damage is indicated by depleting health meters. Some cutscenes depict other perilous situations (e.g., a woman getting rescued from being burned at the stake; a man getting struck in the chest with a sword)."
New Super Mario Bros.,1056581,Comic Mischief,,e,
Forza: Horizon,1055769,"Drug Reference, Language, Suggestive Themes",,t,"This is a racing simulation game in which players compete with real-world cars at the fictional Horizon Festival in Colorado. Players can race in various modes (e.g., Circuit, Street, Speed Stunt) to earn experience points and unlock new cars. During the course of the game, some of the dialogue references suggestive material (e.g., “[A]ll these young women, half naked, screaming from passing cars,” “Ramona is, apparently, 'good on dirt,'” and “Let me think. . . feed the cat. . . water the plant. . . spank the monkey. . .”). Some sequences reference illicit substances (e.g., “Clean-living boy Darius Flynt has apparently never taken recreational drugs,” “drug-fueled jerks,” and “All those kids . . . taking drugs, fornicating!”). The words “sh*t” and “a*shole” can also be heard in the dialogue."
Wii Fit Plus,1034708,Cartoon Violence,,e,"This is a fitness game in which players can track their weight, monitor their balance, and perform exercises through a variety of mini-games. Mini-games include jumping rope, skateboarding, boxing against a robotic punching bag, and competing in a snowball fight. During the snowball fight, players use a crosshair target to hit opponents, causing them to fall to the ground and disappear."
One Piece Pirate Musou,1000307,,,,
MLB 12: The Show,981852,,,e,"This is a baseball simulation game in which players compete with official Major League Baseball teams in a number of different modes (e.g., Season, Home Run Derby, Road to the Show). When pitching or batting, players can adjust athletes' power and ball/bat placement; when fielding, players can catch pop flies, initiate defensive strategies, and complete tag-outs at the bases."
Kid Icarus: Uprising,979260,"Comic Mischief, Fantasy Violence, Suggestive Themes","swords, guns",e10,"This is an action game in which players assume the role of Pit, a winged warrior tasked with saving the world. As players run, jump, and fly through colorful levels, they use swords and energy bursts to defeat fantasy creatures (e.g., one-eyed blobs, giant snakes, mythical creatures). Players can engage in ranged and melee-style combat, sometimes using crosshair targets to shoot down enemies. Combat includes brief explosions, cries of pain, and slashing sounds. During the course of the game, one female character wears a tight outfit that accentuates her cleavage/buttocks. Some scenes also reference suggestive material (e.g., “[Y]ou better not be thinking of anything . . . naughty” and “Someone's overcompensating.”/“Feeling a little inadequate, Virindi?”). The dialogue contains brief references to bathroom humor: “[This environment is] actually pretty cute. Especially when you compare it to his . . . bowels” and “Well, there's more than one way to get rid of a bad chicken nugget. Maybe I should just expel you [from my body] the old-fashioned way.”"
Pokemon Black / White Version,974893,,,,
Wii Party,945424,Cartoon Violence,,e,"This is a collection of mini-games (i.e., party games) in which players can compete in a variety of whimsical games and activities. A handful of mini-games depict characters getting struck, hit, or dazed in a cartoon-like fashion: a 'Space Brawl' mini-game involves characters dashing and smacking into one another to score points; another mini-game depicts characters passing a 'cartoony' bomb around, which may explode and launch characters into the air."
Dragon Quest Monsters: Terry's Wonderland 3D,928830,"Fantasy Violence, Suggestive Themes",,e10,
NCAA Football 13,906837,,,e,"This is a football simulation game in which players can select from real NCAA collegiate conferences, create and execute plays, and engage in realistic games of football. As players compete in various modes (e.g., Exhibition, Heisman, Road to Glory), they organize on-field strategies to score touchdowns and field goals."
Pokemon + Nobunaga no Yabou,874919,,,,
Nintendogs + cats,873429,,,e,"This is a pet-care simulation game in which players look after virtual puppies and kittens. Players can take their pets on walks and compete in trick competitions to earn in-game credits or accessories (e.g., hats, clothing, toys)."
Super Mario Galaxy,800540,Cartoon Violence,,e,
Uncharted: Golden Abyss,798731,"Blood, Drug Reference, Language, Mild Suggestive Themes, Violence","pistols, machine guns, rocket launchers, grenades or launchers",t,"This is an action-adventure game in which players assume the role of Nathan Drake, a treasure hunter on a quest to uncover the secret behind a Spanish expedition. As players explore tropical jungles and ancient ruins, they can use stealth moves (e.g., neck-snapping, chokeholds) and melee attacks to incapacitate armed thugs; some fights are highlighted by slow-motion effects and knife-stabbing (e.g., if players fail to match on-screen prompts, their character may get stabbed in the chest or neck). Players also use realistic pistols, machine guns, rocket launchers, and grenades to kill nearby enemies. Injured characters emit brief spurts of blood when shot, and one scene depicts blood stains inside an empty torture chamber. During the course of the game, some of the dialogue includes suggestive remarks (e.g., “If you show me yours, I'll show you mine,” “Don't rub too hard, they're gonna get excited,” and “You are looking a little stiff.”/'That's what Consuela said.”). In one sequence, players can walk through a manufacturing plant that depicts coca leaves and white powder on scales. The words “sh*t,” “b*tch,” and “a*shole” can be heard in dialogue."